﻿Offense charged,Total,White,"Black or
African
American","American
Indian or
Alaska
Native",Asian,"Native
Hawaiian
or Other
Pacific
Islander"
TOTAL,100.0,68.9,27.2,2.4,1.2,0.3
Murder and nonnegligent manslaughter,100.0,44.2,53.1,1.1,1.3,0.2
Rape3,100.0,67.5,28.7,1.8,1.7,0.4
Robbery,100.0,43.6,54.3,0.9,0.9,0.4
Aggravated assault,100.0,62.1,33.5,2.5,1.6,0.3
Burglary,100.0,67.5,29.8,1.3,1.1,0.3
Larceny-theft,100.0,67.7,29.1,1.8,1.2,0.2
Motor vehicle theft,100.0,66.0,30.3,1.9,1.4,0.4
Arson,100.0,71.3,25.2,1.6,1.6,0.3
Violent crime4,100.0,58.5,37.5,2.1,1.5,0.3
Property crime4,100.0,67.6,29.3,1.7,1.2,0.2
Other assaults,100.0,64.9,31.4,2.1,1.3,0.3
Forgery and counterfeiting,100.0,65.1,32.4,0.9,1.4,0.2
Fraud,100.0,66.6,30.8,1.3,1.2,0.1
Embezzlement,100.0,59.8,37.7,0.8,1.5,0.2
"Stolen property; buying, receiving, possessing",100.0,63.6,33.5,1.4,1.2,0.4
Vandalism,100.0,68.4,28.0,2.2,1.2,0.2
"Weapons; carrying, possessing, etc.",100.0,53.7,43.9,1.1,1.1,0.3
Prostitution and commercialized vice,100.0,56.0,37.6,0.4,5.7,0.3
Sex offenses (except rape and prostitution),100.0,70.9,24.9,1.8,2.0,0.3
Drug abuse violations,100.0,70.4,27.1,1.2,1.1,0.2
Gambling,100.0,38.3,51.9,0.8,7.3,1.6
Offenses against the family and children,100.0,65.5,28.1,5.7,0.7,*
Driving under the influence,100.0,81.7,14.0,2.1,1.9,0.3
Liquor laws,100.0,78.2,14.0,6.2,1.5,0.1
Drunkenness,100.0,73.9,14.3,10.6,1.0,0.2
Disorderly conduct,100.0,62.9,31.8,4.3,0.8,0.1
Vagrancy,100.0,68.3,27.9,2.6,1.1,0.1
All other offenses (except traffic),100.0,68.9,27.6,2.3,0.9,0.3
Suspicion,100.0,37.4,22.1,38.6,1.0,0.9
Curfew and loitering law violations,100.0,56.0,40.5,1.8,1.3,0.4