﻿State,Population,Decade
 Alabama,"3,893,888",1980
 Alaska,"401,851",1980
 American Samoa,"32,297",1980
 Arizona,"2,718,215",1980
 Arkansas,"2,286,435",1980
 California,"23,667,902",1980
 Colorado,"2,889,964",1980
 Connecticut,"3,107,576",1980
 Delaware,"594,338",1980
 District of Columbia,"638,333",1980
 Florida,"9,746,324",1980
 Georgia,"5,463,105",1980
 Guam,"105,979",1980
 Hawaii,"964,691",1980
 Idaho,"943,935",1980
 Illinois,"11,426,518",1980
 Indiana,"5,490,224",1980
 Iowa,"2,913,808",1980
 Kansas,"2,363,679",1980
 Kentucky,"3,660,777",1980
 Louisiana,"4,205,900",1980
 Maine,"1,124,660",1980
 Maryland,"4,216,975",1980
 Massachusetts,"5,737,037",1980
 Michigan,"9,262,078",1980
 Minnesota,"4,075,970",1980
 Mississippi,"2,520,638",1980
 Missouri,"4,916,686",1980
 Montana,"786,690",1980
 Nebraska,"1,569,825",1980
 Nevada,"800,493",1980
 New Hampshire,"920,610",1980
 New Jersey,"7,364,823",1980
 New Mexico,"1,302,894",1980
 New York,"17,558,072",1980
 North Carolina,"5,881,766",1980
 North Dakota,"652,717",1980
 Ohio,"10,797,630",1980
 Oklahoma,"3,025,290",1980
 Oregon,"2,633,105",1980
 Pennsylvania,"11,863,895",1980
 Puerto Rico,"3,196,520",1980
 Rhode Island,"947,154",1980
 South Carolina,"3,121,820",1980
 South Dakota,"690,768",1980
 Tennessee,"4,591,120",1980
 Texas,"14,229,191",1980
 Utah,"1,461,037",1980
 Vermont,"511,456",1980
 Virginia,"5,346,818",1980
 Washington,"4,132,156",1980
 West Virginia,"1,949,644",1980
 Wisconsin,"4,705,767",1980
 Wyoming,"469,557",1980
 Alabama,"4,040,587",1990
 Alaska,"550,043",1990
 American Samoa,"46,773",1990
 Arizona,"3,665,228",1990
 Arkansas,"2,350,725",1990
 California,"29,760,021",1990
 Colorado,"3,294,394",1990
 Connecticut,"3,287,116",1990
 Delaware,"666,168",1990
 District of Columbia,"606,900",1990
 Florida,"12,937,926",1990
 Georgia,"6,478,216",1990
 Guam,"133,152",1990
 Hawaii,"1,108,229",1990
 Idaho,"1,006,749",1990
 Illinois,"11,430,602",1990
 Indiana,"5,544,159",1990
 Iowa,"2,776,755",1990
 Kansas,"2,477,574",1990
 Kentucky,"3,685,296",1990
 Louisiana,"4,219,973",1990
 Maine,"1,227,928",1990
 Maryland,"4,781,468",1990
 Massachusetts,"6,016,425",1990
 Michigan,"9,295,297",1990
 Minnesota,"4,375,099",1990
 Mississippi,"2,573,216",1990
 Missouri,"5,117,073",1990
 Montana,"799,065",1990
 Nebraska,"1,578,385",1990
 Nevada,"1,201,833",1990
 New Hampshire,"1,109,252",1990
 New Jersey,"7,730,188",1990
 New Mexico,"1,515,069",1990
 New York,"17,990,455",1990
 North Carolina,"6,628,637",1990
 North Dakota,"638,800",1990
 Ohio,"10,847,115",1990
 Oklahoma,"3,145,585",1990
 Oregon,"2,842,321",1990
 Pennsylvania,"11,881,643",1990
 Puerto Rico,"3,522,037",1990
 Rhode Island,"1,003,464",1990
 South Carolina,"3,486,703",1990
 South Dakota,"696,004",1990
 Tennessee,"4,877,185",1990
 Texas,"16,986,510",1990
 Utah,"1,722,850",1990
 Vermont,"562,758",1990
 Virginia,"6,187,358",1990
 Washington,"4,866,692",1990
 West Virginia,"1,793,477",1990
 Wisconsin,"4,891,769",1990
 Wyoming,"453,588",1990
 Alabama,"4,447,100",2000
 Alaska,"626,932",2000
 American Samoa,"57,291",2000
 Arizona,"5,130,632",2000
 Arkansas,"2,673,400",2000
 California,"33,871,648",2000
 Colorado,"4,301,261",2000
 Connecticut,"3,405,565",2000
 Delaware,"783,600",2000
 District of Columbia,"572,059",2000
 Florida,"15,982,378",2000
 Georgia,"8,186,453",2000
 Guam,"154,805",2000
 Hawaii,"1,211,537",2000
 Idaho,"1,293,953",2000
 Illinois,"12,419,293",2000
 Indiana,"6,080,485",2000
 Iowa,"2,926,324",2000
 Kansas,"2,688,418",2000
 Kentucky,"4,041,769",2000
 Louisiana,"4,468,976",2000
 Maine,"1,274,923",2000
 Maryland,"5,296,486",2000
 Massachusetts,"6,349,097",2000
 Michigan,"9,938,444",2000
 Minnesota,"4,919,479",2000
 Mississippi,"2,844,658",2000
 Missouri,"5,595,211",2000
 Montana,"902,195",2000
 Nebraska,"1,711,263",2000
 Nevada,"1,998,257",2000
 New Hampshire,"1,235,786",2000
 New Jersey,"8,414,350",2000
 New Mexico,"1,819,046",2000
 New York,"18,976,457",2000
 North Carolina,"8,049,313",2000
 North Dakota,"642,200",2000
 Ohio,"11,353,140",2000
 Oklahoma,"3,450,654",2000
 Oregon,"3,421,399",2000
 Pennsylvania,"12,281,054",2000
 Puerto Rico,"3,808,610",2000
 Rhode Island,"1,048,319",2000
 South Carolina,"4,012,012",2000
 South Dakota,"754,844",2000
 Tennessee,"5,689,283",2000
 Texas,"20,851,820",2000
 Utah,"2,233,169",2000
 Vermont,"608,827",2000
 Virginia,"7,078,515",2000
 Washington,"5,894,121",2000
 West Virginia,"1,808,344",2000
 Wisconsin,"5,363,675",2000
 Wyoming,"493,782",2000
 Alabama,"4,779,736",2010
 Alaska,"710,231",2010
 American Samoa,"55,519",2010
 Arizona,"6,392,017",2010
 Arkansas,"2,915,918",2010
 California,"37,253,956",2010
 Colorado,"5,029,196",2010
 Connecticut,"3,574,097",2010
 Delaware,"897,934",2010
 District of Columbia,"601,723",2010
 Florida,"18,801,310",2010
 Georgia,"9,687,653",2010
 Guam,"159,358",2010
 Hawaii,"1,360,301",2010
 Idaho,"1,567,582",2010
 Illinois,"12,830,632",2010
 Indiana,"6,483,802",2010
 Iowa,"3,046,355",2010
 Kansas,"2,853,118",2010
 Kentucky,"4,339,367",2010
 Louisiana,"4,533,372",2010
 Maine,"1,328,361",2010
 Maryland,"5,773,552",2010
 Massachusetts,"6,547,629",2010
 Michigan,"9,883,640",2010
 Minnesota,"5,303,925",2010
 Mississippi,"2,967,297",2010
 Missouri,"5,988,927",2010
 Montana,"989,415",2010
 Nebraska,"1,826,341",2010
 Nevada,"2,700,551",2010
 New Hampshire,"1,316,470",2010
 New Jersey,"8,791,894",2010
 New Mexico,"2,059,179",2010
 New York,"19,378,102",2010
 North Carolina,"9,535,483",2010
 North Dakota,"672,591",2010
 Ohio,"11,536,504",2010
 Oklahoma,"3,751,351",2010
 Oregon,"3,831,074",2010
 Pennsylvania,"12,702,379",2010
 Puerto Rico,"3,725,789",2010
 Rhode Island,"1,052,567",2010
 South Carolina,"4,625,364",2010
 South Dakota,"814,180",2010
 Tennessee,"6,346,105",2010
 Texas,"25,145,561",2010
 Utah,"2,763,885",2010
 Vermont,"625,741",2010
 Virginia,"8,001,024",2010
 Washington,"6,724,540",2010
 West Virginia,"1,852,994",2010
 Wisconsin,"5,686,986",2010
 Wyoming,"563,626",2010